20241125, 1, 大学科目研究Ⅲ, 403, 片山
20241125, 2, キャリアデザインⅢ, 504, 片山
20241125, 3, Pythonプログラミング, 503, 土手
20241126, 2, Pythonプログラミング, 503, 土手
20241126, 3, Linuxサーバ構築, 504, 片山
20241127, 1, 週国対, 101, 片山
20241127, 2, 企業活動とビジネスマナー, 501, 篠崎
20241127, 3, Linuxサーバ構築, 504, 片山
20241128, 2, キャリアデザインⅢ, 502, 片山
20241128, 3, スマホアプリ開発, 304, 西村
20241128, 4, スマホアプリ開発, 304, 西村
20241129, 1, Pythonプログラミング, 503, 土手
20241129, 2, 大学科目研究Ⅲ, 401, 片山
20241129, 3, H/R, 503, 片山

20241202, 1, 大学科目研究Ⅲ, 403, 片山
20241202, 2, キャリアデザインⅢ, 504, 片山
20241202, 3, Pythonプログラミング, 503, 土手
20241203, 2, Pythonプログラミング, 503, 土手
20241203, 3, Linuxサーバ構築, 504, 片山
20241204, 1, 週国対, 101, 片山
20241204, 2, 企業活動とビジネスマナー, 501, 篠崎
20241204, 3, Linuxサーバ構築, 504, 片山
20241205, 2, キャリアデザインⅢ, 502, 片山
20241205, 3, スマホアプリ開発, 304, 西村
20241205, 4, スマホアプリ開発, 304, 西村
20241206, 1, Pythonプログラミング, 503, 土手
20241206, 2, 大学科目研究Ⅲ, 401, 片山
20241206, 3, 就活セミナー, 503, 片山

20241209, 1, 大学科目研究Ⅲ, 403, 片山
20241209, 2, キャリアデザインⅢ, 504, 片山
20241209, 3, Pythonプログラミング, 503, 土手
20241210, 2, Pythonプログラミング, 503, 土手
20241210, 3, Linuxサーバ構築, 504, 片山
20241211, 1, 週国対, 101, 片山
20241211, 2, 企業活動とビジネスマナー, 501, 篠崎
20241211, 3, Linuxサーバ構築, 504, 片山
20241212, 2, キャリアデザインⅢ, 502, 片山
20241212, 3, スマホアプリ開発, 304, 西村
20241212, 4, スマホアプリ開発, 304, 西村
20241213, 1, Pythonプログラミング, 503, 土手
20241213, 2, 大学科目研究Ⅲ, 401, 片山
20241213, 3, 就活セミナー, 503, 片山

20241216, 1, 大学科目研究Ⅲ, 403, 片山
20241216, 2, キャリアデザインⅢ, 504, 片山
20241216, 3, Pythonプログラミング, 503, 土手
20241217, 2, Pythonプログラミング, 503, 土手
20241217, 3, Linuxサーバ構築, 504, 片山
20241218, 1, 週国対, 101, 片山
20241218, 2, 企業活動とビジネスマナー, 501, 篠崎
20241218, 3, Linuxサーバ構築, 504, 片山
20241219, 2, キャリアデザインⅢ, 502, 片山
20241219, 3, スマホアプリ開発, 304, 西村
20241219, 4, スマホアプリ開発, 304, 西村
20241220, 1, Pythonプログラミング, 503, 土手
20241220, 2, 大学科目研究Ⅲ, 401, 片山
20241220, 3, H/R, 503, 片山

20250109, 2, キャリアデザインⅢ, 502, 片山
20250109, 3, スマホアプリ開発, 304, 西村
20250109, 4, スマホアプリ開発, 304, 西村
20250110, 1, Pythonプログラミング, 503, 土手
20250110, 2, 大学科目研究Ⅲ, 401, 片山
20250110, 3, H/R, 503, 片山
